step,loss
0,11.5625
1,3.984375
2,4.25
3,4.4375
4,3.375
5,3.40625
6,2.8125
