step,loss
0,11.562355041503906
1,3.9852685928344727
2,4.294635772705078
3,4.611191749572754
4,3.6703553199768066
5,3.6746068000793457
6,2.9732251167297363
